[{"ID":"1","ItemCode":"A00001","ItemName":"J.B. Officeprint 1420","QuantityOnStock":197},{"ID":"2","ItemCode":"A00002","ItemName":"J.B. Officeprint 1111","QuantityOnStock":391},{"ID":"3","ItemCode":"B0001","ItemName":"B0001","QuantityOnStock":0},{"ID":"4","ItemCode":"A00004","ItemName":"Rainbow ColorJet 5","QuantityOnStock":906},{"ID":"5","ItemCode":"A00005","ItemName":"Rainbow ColorJet 7.5","QuantityOnStock":1022},{"ID":"6","ItemCode":"A00006","ItemName":"Rainbow 1200 Laser Series","QuantityOnStock":69},{"ID":"7","ItemCode":"B10000","ItemName":"Printer Label","QuantityOnStock":12480},{"ID":"8","ItemCode":"C00001","ItemName":"Motherboard P4 Turbo","QuantityOnStock":821},{"ID":"9","ItemCode":"C00002","ItemName":"Motherboard P4 Turbo - Asus Chipset","QuantityOnStock":717},{"ID":"10","ItemCode":"C00003","ItemName":"Quadcore P4 2.4 GhZ","QuantityOnStock":425},{"ID":"11","ItemCode":"C00004","ItemName":"Tower Case with Power supply","QuantityOnStock":452},{"ID":"12","ItemCode":"C00005","ItemName":"WLAN Card","QuantityOnStock":371},{"ID":"13","ItemCode":"C00006","ItemName":"Network Card10/100","QuantityOnStock":280},{"ID":"14","ItemCode":"C00007","ItemName":"Hard Disk Seagate 400 GB","QuantityOnStock":409}]