[{"ID":"1","PriceList":1,"Price":200,"Currency":"GBP","___FK_7be7ebacbf545d9b10a74879_00011":"1"},{"ID":"2","PriceList":1,"Price":100,"Currency":"GBP","___FK_7be7ebacbf545d9b10a74879_00011":"2"},{"ID":"3","PriceList":1,"Price":25,"Currency":"EUR","___FK_7be7ebacbf545d9b10a74879_00011":"3"},{"ID":"4","PriceList":1,"Price":250,"Currency":"GBP","___FK_7be7ebacbf545d9b10a74879_00011":"4"},{"ID":"5","PriceList":1,"Price":200,"Currency":"GBP","___FK_7be7ebacbf545d9b10a74879_00011":"5"},{"ID":"6","PriceList":1,"Price":200,"Currency":"GBP","___FK_7be7ebacbf545d9b10a74879_00011":"6"},{"ID":"7","PriceList":1,"Price":6.9,"Currency":"GBP","___FK_7be7ebacbf545d9b10a74879_00011":"7"},{"ID":"8","PriceList":1,"Price":200,"Currency":"GBP","___FK_7be7ebacbf545d9b10a74879_00011":"8"},{"ID":"9","PriceList":1,"Price":150,"Currency":"GBP","___FK_7be7ebacbf545d9b10a74879_00011":"9"},{"ID":"10","PriceList":1,"Price":65,"Currency":"GBP","___FK_7be7ebacbf545d9b10a74879_00011":"10"},{"ID":"11","PriceList":1,"Price":17.5,"Currency":"GBP","___FK_7be7ebacbf545d9b10a74879_00011":"11"},{"ID":"12","PriceList":1,"Price":30,"Currency":"GBP","___FK_7be7ebacbf545d9b10a74879_00011":"12"},{"ID":"13","PriceList":1,"Price":7.5,"Currency":"GBP","___FK_7be7ebacbf545d9b10a74879_00011":"13"},{"ID":"14","PriceList":1,"Price":80,"Currency":"GBP","___FK_7be7ebacbf545d9b10a74879_00011":"14"},{"ID":"15","PriceList":2,"Price":100,"Currency":"EUR","___FK_7be7ebacbf545d9b10a74879_00011":"1"}]